-- ============================================================
-- seed.sql — Dados de exemplo realistas para o sistema Academia
-- ============================================================

-- ========================
-- PLANOS
-- ========================
INSERT INTO planos (nomeplano, valorplano, duracao) VALUES
('Mensal Básico',    99.90,   30),
('Mensal Premium',  149.90,   30),
('Trimestral',      259.90,   90),
('Semestral',       479.90,  180),
('Anual',           849.90,  365);

-- ========================
-- FUNCIONÁRIOS
-- ========================
INSERT INTO funcionarios (cpf, nomefuncionario, salario, cargo) VALUES
('11122233344', 'Carlos Eduardo Silva',    3200.00, 'Personal Trainer'),
('22233344455', 'Fernanda Lima Souza',     3500.00, 'Personal Trainer'),
('33344455566', 'Ricardo Alves Pereira',   3100.00, 'Personal Trainer'),
('44455566677', 'Juliana Costa Martins',   3300.00, 'Personal Trainer'),
('55566677788', 'Bruno Henrique Rocha',    3400.00, 'Personal Trainer'),
('66677788899', 'Patrícia Nunes Oliveira', 2800.00, 'Recepcionista'),
('77788899900', 'Marcos Vieira Santos',    2800.00, 'Recepcionista'),
('88899900011', 'Amanda Ferreira Dias',    4500.00, 'Gerente');

-- ========================
-- ALUNOS (100 alunos)
-- ========================
INSERT INTO alunos (cpf, nomecliente) VALUES
('10000000001', 'Ana Paula Oliveira'),
('10000000002', 'João Pedro Souza'),
('10000000003', 'Mariana Costa Lima'),
('10000000004', 'Lucas Fernandes Silva'),
('10000000005', 'Beatriz Alves Pereira'),
('10000000006', 'Rafael Santos Martins'),
('10000000007', 'Camila Rocha Mendes'),
('10000000008', 'Thiago Nunes Barbosa'),
('10000000009', 'Isabela Carvalho Dias'),
('10000000010', 'Gabriel Ribeiro Castro'),
('10000000011', 'Larissa Gomes Teixeira'),
('10000000012', 'Felipe Araujo Cardoso'),
('10000000013', 'Juliana Melo Pinto'),
('10000000014', 'Eduardo Moreira Freitas'),
('10000000015', 'Natalia Ferreira Lopes'),
('10000000016', 'Rodrigo Vieira Cunha'),
('10000000017', 'Fernanda Batista Ramos'),
('10000000018', 'Leonardo Correia Vasconcelos'),
('10000000019', 'Priscila Monteiro Farias'),
('10000000020', 'Anderson Lima Braga'),
('10000000021', 'Tatiana Cavalcante Medeiros'),
('10000000022', 'Marcelo Brito Nascimento'),
('10000000023', 'Vanessa Azevedo Moura'),
('10000000024', 'Diego Macedo Andrade'),
('10000000025', 'Renata Pires Nogueira'),
('10000000026', 'Fabio Campos Santana'),
('10000000027', 'Cristina Borges Fonseca'),
('10000000028', 'Alexandre Queiroz Aragão'),
('10000000029', 'Patrícia Duarte Magalhães'),
('10000000030', 'Gustavo Rezende Bastos'),
('10000000031', 'Adriana Pacheco Bezerra'),
('10000000032', 'Roberto Teles Coelho'),
('10000000033', 'Monica Siqueira Guimarães'),
('10000000034', 'Paulo Henrique Wanderley'),
('10000000035', 'Simone Tavares Lacerda'),
('10000000036', 'Claudio Maia Rodrigues'),
('10000000037', 'Elaine Barreto Salles'),
('10000000038', 'Leandro Peixoto Dantas'),
('10000000039', 'Aline Furtado Machado'),
('10000000040', 'Sergio Coutinho Valente'),
('10000000041', 'Debora Leal Esteves'),
('10000000042', 'Vinicius Assis Viana'),
('10000000043', 'Rosangela Paiva Marques'),
('10000000044', 'Caio Drummond Figueiredo'),
('10000000045', 'Lilian Carneiro Sampaio'),
('10000000046', 'Henrique Lustosa Galvão'),
('10000000047', 'Sueli Ramos Alencar'),
('10000000048', 'Rodrigo Prado Chaves'),
('10000000049', 'Gisele Mourão Serpa'),
('10000000050', 'Nelson Freitas Tolentino'),
('10000000051', 'Carla Menezes Leandro'),
('10000000052', 'Otávio Brandão Lacerda'),
('10000000053', 'Silvia Fontes Couto'),
('10000000054', 'Augusto Belém Travassos'),
('10000000055', 'Célia Godoy Lobato'),
('10000000056', 'Walter Pinheiro Cândido'),
('10000000057', 'Luciana Ávila Britto'),
('10000000058', 'Jaime Matos Caldas'),
('10000000059', 'Elisa Quaresma Souza'),
('10000000060', 'Antônio Murilo Leite'),
('10000000061', 'Raquel Neto Barros'),
('10000000062', 'Flávio Resende Almeida'),
('10000000063', 'Vera Lucia Campos'),
('10000000064', 'Márcio Cunha Porto'),
('10000000065', 'Denise Faria Marcelino'),
('10000000066', 'Ivan Rocha Pessoa'),
('10000000067', 'Sandra Lemos Bittencourt'),
('10000000068', 'Celso Abreu Guedes'),
('10000000069', 'Tereza Horta Villela'),
('10000000070', 'Manoel Zica Pedrosa'),
('10000000071', 'Luciene Vaz Tavares'),
('10000000072', 'Gilberto Rios Carmo'),
('10000000073', 'Neusa Quaranta Prado'),
('10000000074', 'Edson Leite Brum'),
('10000000075', 'Fatima Luz Sena'),
('10000000076', 'Helio Braga Loureiro'),
('10000000077', 'Ilda Costa Salgado'),
('10000000078', 'Rui Moura Carneiro'),
('10000000079', 'Berenice Faro Lins'),
('10000000080', 'Oziel Tosta Saraiva'),
('10000000081', 'Nadia Albuquerque Maia'),
('10000000082', 'Davi Lucas Monteiro'),
('10000000083', 'Yara Batista Aguiar'),
('10000000084', 'Arthur Veiga Corrêa'),
('10000000085', 'Sofia Rangel Luz'),
('10000000086', 'Miguel Borba Dantas'),
('10000000087', 'Alice Sena Faro'),
('10000000088', 'Samuel Fonseca Uchoa'),
('10000000089', 'Helena Matos Seabra'),
('10000000090', 'Enzo Lima Teixeira'),
('10000000091', 'Valentina Roque Paes'),
('10000000092', 'Bernardo Alencar Melo'),
('10000000093', 'Livia Coelho Forte'),
('10000000094', 'Pietro Andrade Vidal'),
('10000000095', 'Clara Bastos Pinheiro'),
('10000000096', 'Théo Ribeiro Sarmento'),
('10000000097', 'Manuela Dias Cunha'),
('10000000098', 'Lorenzo Castro Gama'),
('10000000099', 'Lívia Ferreira Neto'),
('10000000100', 'Cauã Silveira Paiva');

-- ========================
-- MATRÍCULAS
-- ========================
INSERT INTO matriculas (idaluno, idplano, idpersonal, datainicio, datafim) VALUES
(1,  1, 1,  '2024-01-05', '2024-02-05'),
(2,  2, 2,  '2024-01-08', '2024-02-08'),
(3,  3, 1,  '2024-01-10', '2024-04-10'),
(4,  4, 3,  '2024-01-12', '2024-07-12'),
(5,  5, 2,  '2024-01-15', '2025-01-15'),
(6,  1, NULL,'2024-01-18', '2024-02-18'),
(7,  2, 4,  '2024-01-20', '2024-02-20'),
(8,  3, 5,  '2024-01-22', '2024-04-22'),
(9,  1, NULL,'2024-02-01', '2024-03-01'),
(10, 2, 1,  '2024-02-03', '2024-03-03'),
(11, 4, 3,  '2024-02-05', '2024-08-05'),
(12, 5, 2,  '2024-02-07', '2025-02-07'),
(13, 1, NULL,'2024-02-10', '2024-03-10'),
(14, 2, 4,  '2024-02-12', '2024-03-12'),
(15, 3, 5,  '2024-02-14', '2024-05-14'),
(16, 1, 1,  '2024-02-16', '2024-03-16'),
(17, 2, NULL,'2024-02-18', '2024-03-18'),
(18, 4, 3,  '2024-02-20', '2024-08-20'),
(19, 5, 2,  '2024-02-22', '2025-02-22'),
(20, 1, NULL,'2024-03-01', '2024-04-01'),
(21, 3, 4,  '2024-03-03', '2024-06-03'),
(22, 2, 5,  '2024-03-05', '2024-04-05'),
(23, 1, 1,  '2024-03-07', '2024-04-07'),
(24, 4, NULL,'2024-03-10', '2024-09-10'),
(25, 5, 2,  '2024-03-12', '2025-03-12'),
(26, 2, 3,  '2024-03-15', '2024-04-15'),
(27, 1, NULL,'2024-03-17', '2024-04-17'),
(28, 3, 4,  '2024-03-19', '2024-06-19'),
(29, 2, 5,  '2024-03-21', '2024-04-21'),
(30, 1, 1,  '2024-03-23', '2024-04-23'),
(31, 4, 2,  '2024-04-01', '2024-10-01'),
(32, 5, NULL,'2024-04-03', '2025-04-03'),
(33, 1, 3,  '2024-04-05', '2024-05-05'),
(34, 2, 4,  '2024-04-07', '2024-05-07'),
(35, 3, 5,  '2024-04-09', '2024-07-09'),
(36, 1, NULL,'2024-04-11', '2024-05-11'),
(37, 2, 1,  '2024-04-13', '2024-05-13'),
(38, 4, 2,  '2024-04-15', '2024-10-15'),
(39, 5, 3,  '2024-04-17', '2025-04-17'),
(40, 1, NULL,'2024-04-19', '2024-05-19'),
(41, 2, 4,  '2024-05-01', '2024-06-01'),
(42, 3, 5,  '2024-05-03', '2024-08-03'),
(43, 1, 1,  '2024-05-05', '2024-06-05'),
(44, 4, 2,  '2024-05-07', '2024-11-07'),
(45, 5, NULL,'2024-05-09', '2025-05-09'),
(46, 2, 3,  '2024-05-11', '2024-06-11'),
(47, 1, 4,  '2024-05-13', '2024-06-13'),
(48, 3, 5,  '2024-05-15', '2024-08-15'),
(49, 2, NULL,'2024-05-17', '2024-06-17'),
(50, 1, 1,  '2024-05-19', '2024-06-19'),
(51, 4, 2,  '2024-06-01', '2024-12-01'),
(52, 5, 3,  '2024-06-03', '2025-06-03'),
(53, 1, NULL,'2024-06-05', '2024-07-05'),
(54, 2, 4,  '2024-06-07', '2024-07-07'),
(55, 3, 5,  '2024-06-09', '2024-09-09'),
(56, 1, 1,  '2024-06-11', '2024-07-11'),
(57, 2, NULL,'2024-06-13', '2024-07-13'),
(58, 4, 3,  '2024-06-15', '2024-12-15'),
(59, 5, 2,  '2024-06-17', '2025-06-17'),
(60, 1, NULL,'2024-06-19', '2024-07-19'),
(61, 3, 4,  '2024-07-01', '2024-10-01'),
(62, 2, 5,  '2024-07-03', '2024-08-03'),
(63, 1, 1,  '2024-07-05', '2024-08-05'),
(64, 4, NULL,'2024-07-07', '2025-01-07'),
(65, 5, 2,  '2024-07-09', '2025-07-09'),
(66, 2, 3,  '2024-07-11', '2024-08-11'),
(67, 1, NULL,'2024-07-13', '2024-08-13'),
(68, 3, 4,  '2024-07-15', '2024-10-15'),
(69, 2, 5,  '2024-07-17', '2024-08-17'),
(70, 1, 1,  '2024-07-19', '2024-08-19'),
(71, 4, 2,  '2024-08-01', '2025-02-01'),
(72, 5, NULL,'2024-08-03', '2025-08-03'),
(73, 1, 3,  '2024-08-05', '2024-09-05'),
(74, 2, 4,  '2024-08-07', '2024-09-07'),
(75, 3, 5,  '2024-08-09', '2024-11-09'),
(76, 1, NULL,'2024-08-11', '2024-09-11'),
(77, 2, 1,  '2024-08-13', '2024-09-13'),
(78, 4, 2,  '2024-08-15', '2025-02-15'),
(79, 5, 3,  '2024-08-17', '2025-08-17'),
(80, 1, NULL,'2024-08-19', '2024-09-19'),
(81, 2, 4,  '2024-09-01', '2024-10-01'),
(82, 3, 5,  '2024-09-03', '2024-12-03'),
(83, 1, 1,  '2024-09-05', '2024-10-05'),
(84, 4, 2,  '2024-09-07', '2025-03-07'),
(85, 5, NULL,'2024-09-09', '2025-09-09'),
(86, 2, 3,  '2024-09-11', '2024-10-11'),
(87, 1, 4,  '2024-09-13', '2024-10-13'),
(88, 3, 5,  '2024-09-15', '2024-12-15'),
(89, 2, NULL,'2024-09-17', '2024-10-17'),
(90, 1, 1,  '2024-09-19', '2024-10-19'),
(91, 4, 2,  '2024-10-01', '2025-04-01'),
(92, 5, 3,  '2024-10-03', '2025-10-03'),
(93, 1, NULL,'2024-10-05', '2024-11-05'),
(94, 2, 4,  '2024-10-07', '2024-11-07'),
(95, 3, 5,  '2024-10-09', '2025-01-09'),
(96, 1, 1,  '2024-10-11', '2024-11-11'),
(97, 2, NULL,'2024-10-13', '2024-11-13'),
(98, 4, 3,  '2024-10-15', '2025-04-15'),
(99, 5, 2,  '2024-10-17', '2025-10-17'),
(100,1, NULL,'2024-10-19', '2024-11-19');

-- ========================
-- PAGAMENTOS
-- ========================
INSERT INTO pagamento (idmatricula, valor, datapagamento, formadepagamento, funcionariopago) VALUES
(1,   99.90, '2024-01-05', 'Cartão de Crédito', 6),
(2,  149.90, '2024-01-08', 'PIX',                6),
(3,  259.90, '2024-01-10', 'Cartão de Débito',   7),
(4,  479.90, '2024-01-12', 'PIX',                6),
(5,  849.90, '2024-01-15', 'Dinheiro',           7),
(6,   99.90, '2024-01-18', 'PIX',                6),
(7,  149.90, '2024-01-20', 'Cartão de Crédito',  7),
(8,  259.90, '2024-01-22', 'Dinheiro',           6),
(9,   99.90, '2024-02-01', 'PIX',                6),
(10, 149.90, '2024-02-03', 'Cartão de Crédito',  7),
(11, 479.90, '2024-02-05', 'PIX',                6),
(12, 849.90, '2024-02-07', 'Cartão de Crédito',  7),
(13,  99.90, '2024-02-10', 'Dinheiro',           6),
(14, 149.90, '2024-02-12', 'PIX',                7),
(15, 259.90, '2024-02-14', 'Cartão de Débito',   6),
(16,  99.90, '2024-02-16', 'PIX',                7),
(17, 149.90, '2024-02-18', 'Dinheiro',           6),
(18, 479.90, '2024-02-20', 'Cartão de Crédito',  7),
(19, 849.90, '2024-02-22', 'PIX',                6),
(20,  99.90, '2024-03-01', 'Cartão de Débito',   7),
(21, 259.90, '2024-03-03', 'PIX',                6),
(22, 149.90, '2024-03-05', 'Cartão de Crédito',  7),
(23,  99.90, '2024-03-07', 'Dinheiro',           6),
(24, 479.90, '2024-03-10', 'PIX',                7),
(25, 849.90, '2024-03-12', 'Cartão de Crédito',  6),
(26, 149.90, '2024-03-15', 'PIX',                7),
(27,  99.90, '2024-03-17', 'Dinheiro',           6),
(28, 259.90, '2024-03-19', 'Cartão de Débito',   7),
(29, 149.90, '2024-03-21', 'PIX',                6),
(30,  99.90, '2024-03-23', 'Cartão de Crédito',  7),
(31, 479.90, '2024-04-01', 'PIX',                6),
(32, 849.90, '2024-04-03', 'Dinheiro',           7),
(33,  99.90, '2024-04-05', 'PIX',                6),
(34, 149.90, '2024-04-07', 'Cartão de Crédito',  7),
(35, 259.90, '2024-04-09', 'PIX',                6),
(36,  99.90, '2024-04-11', 'Dinheiro',           7),
(37, 149.90, '2024-04-13', 'Cartão de Crédito',  6),
(38, 479.90, '2024-04-15', 'PIX',                7),
(39, 849.90, '2024-04-17', 'Cartão de Crédito',  6),
(40,  99.90, '2024-04-19', 'PIX',                7),
(41, 149.90, '2024-05-01', 'Cartão de Débito',   6),
(42, 259.90, '2024-05-03', 'PIX',                7),
(43,  99.90, '2024-05-05', 'Dinheiro',           6),
(44, 479.90, '2024-05-07', 'Cartão de Crédito',  7),
(45, 849.90, '2024-05-09', 'PIX',                6),
(46, 149.90, '2024-05-11', 'Dinheiro',           7),
(47,  99.90, '2024-05-13', 'PIX',                6),
(48, 259.90, '2024-05-15', 'Cartão de Crédito',  7),
(49, 149.90, '2024-05-17', 'PIX',                6),
(50,  99.90, '2024-05-19', 'Dinheiro',           7),
(51, 479.90, '2024-06-01', 'PIX',                6),
(52, 849.90, '2024-06-03', 'Cartão de Crédito',  7),
(53,  99.90, '2024-06-05', 'PIX',                6),
(54, 149.90, '2024-06-07', 'Dinheiro',           7),
(55, 259.90, '2024-06-09', 'Cartão de Débito',   6),
(56,  99.90, '2024-06-11', 'PIX',                7),
(57, 149.90, '2024-06-13', 'Cartão de Crédito',  6),
(58, 479.90, '2024-06-15', 'PIX',                7),
(59, 849.90, '2024-06-17', 'Dinheiro',           6),
(60,  99.90, '2024-06-19', 'PIX',                7),
(61, 259.90, '2024-07-01', 'Cartão de Crédito',  6),
(62, 149.90, '2024-07-03', 'PIX',                7),
(63,  99.90, '2024-07-05', 'Dinheiro',           6),
(64, 479.90, '2024-07-07', 'Cartão de Crédito',  7),
(65, 849.90, '2024-07-09', 'PIX',                6),
(66, 149.90, '2024-07-11', 'Dinheiro',           7),
(67,  99.90, '2024-07-13', 'PIX',                6),
(68, 259.90, '2024-07-15', 'Cartão de Débito',   7),
(69, 149.90, '2024-07-17', 'Cartão de Crédito',  6),
(70,  99.90, '2024-07-19', 'PIX',                7),
(71, 479.90, '2024-08-01', 'PIX',                6),
(72, 849.90, '2024-08-03', 'Cartão de Crédito',  7),
(73,  99.90, '2024-08-05', 'Dinheiro',           6),
(74, 149.90, '2024-08-07', 'PIX',                7),
(75, 259.90, '2024-08-09', 'Cartão de Crédito',  6),
(76,  99.90, '2024-08-11', 'PIX',                7),
(77, 149.90, '2024-08-13', 'Dinheiro',           6),
(78, 479.90, '2024-08-15', 'Cartão de Crédito',  7),
(79, 849.90, '2024-08-17', 'PIX',                6),
(80,  99.90, '2024-08-19', 'Dinheiro',           7),
(81, 149.90, '2024-09-01', 'PIX',                6),
(82, 259.90, '2024-09-03', 'Cartão de Débito',   7),
(83,  99.90, '2024-09-05', 'Cartão de Crédito',  6),
(84, 479.90, '2024-09-07', 'PIX',                7),
(85, 849.90, '2024-09-09', 'Dinheiro',           6),
(86, 149.90, '2024-09-11', 'Cartão de Crédito',  7),
(87,  99.90, '2024-09-13', 'PIX',                6),
(88, 259.90, '2024-09-15', 'Dinheiro',           7),
(89, 149.90, '2024-09-17', 'Cartão de Crédito',  6),
(90,  99.90, '2024-09-19', 'PIX',                7),
(91, 479.90, '2024-10-01', 'Cartão de Crédito',  6),
(92, 849.90, '2024-10-03', 'PIX',                7),
(93,  99.90, '2024-10-05', 'Dinheiro',           6),
(94, 149.90, '2024-10-07', 'Cartão de Crédito',  7),
(95, 259.90, '2024-10-09', 'PIX',                6),
(96,  99.90, '2024-10-11', 'Dinheiro',           7),
(97, 149.90, '2024-10-13', 'PIX',                6),
(98, 479.90, '2024-10-15', 'Cartão de Crédito',  7),
(99, 849.90, '2024-10-17', 'PIX',                6),
(100, 99.90, '2024-10-19', 'Dinheiro',           7);
